<?xml version="1.0" encoding="UTF-8"?>
<GenRun Id="ROM_64x64_synth_1" LaunchPart="xc7a50tfgg484-2" LaunchTime="1641277587">
  <File Type="RDS-PROPCONSTRS" Name="ROM_64x64_drc_synth.rpt"/>
  <File Type="PA-TCL" Name="ROM_64x64.tcl"/>
  <File Type="RDS-RDS" Name="ROM_64x64.vds"/>
  <File Type="RDS-UTIL" Name="ROM_64x64_utilization_synth.rpt"/>
  <File Type="RDS-UTIL-PB" Name="ROM_64x64_utilization_synth.pb"/>
  <File Type="RDS-DCP" Name="ROM_64x64.dcp"/>
  <File Type="VDS-TIMINGSUMMARY" Name="ROM_64x64_timing_summary_synth.rpt"/>
  <File Type="VDS-TIMING-PB" Name="ROM_64x64_timing_summary_synth.pb"/>
  <FileSet Name="sources" Type="BlockSrcs" RelSrcDir="$PSRCDIR/ROM_64x64">
    <File Path="$PSRCDIR/sources_1/ip/ROM_64x64/ROM_64x64.xci">
      <FileInfo>
        <Attr Name="UsedIn" Val="synthesis"/>
        <Attr Name="UsedIn" Val="implementation"/>
        <Attr Name="UsedIn" Val="simulation"/>
      </FileInfo>
    </File>
    <Config>
      <Option Name="TopModule" Val="ROM_64x64"/>
      <Option Name="UseBlackboxStub" Val="1"/>
    </Config>
  </FileSet>
  <FileSet Name="constrs_in" Type="BlockSrcs" RelSrcDir="$PSRCDIR/ROM_64x64">
    <File Path="$PSRCDIR/sources_1/ip/ROM_64x64/ROM_64x64.xci">
      <FileInfo>
        <Attr Name="UsedIn" Val="synthesis"/>
        <Attr Name="UsedIn" Val="implementation"/>
        <Attr Name="UsedIn" Val="simulation"/>
      </FileInfo>
    </File>
    <Config>
      <Option Name="TopModule" Val="ROM_64x64"/>
      <Option Name="UseBlackboxStub" Val="1"/>
    </Config>
  </FileSet>
  <Strategy Version="1" Minor="2">
    <StratHandle Name="Vivado Synthesis Defaults" Flow="Vivado Synthesis 2017">
      <Desc>Vivado Synthesis Defaults</Desc>
    </StratHandle>
    <Step Id="synth_design"/>
  </Strategy>
</GenRun>
